Owner Name,Contact Number,Vehicle No,Insurance Expiry Date,Email
Ramesh Patel,9876543211,GJ-01-AB-1001,15/08/2026,ramesh.patel@example.com
Suresh Sharma,9876543212,GJ-01-AB-1002,22/09/2026,suresh.sharma@example.com
Priya Mehta,9876543213,GJ-01-AB-1003,10/10/2026,priya.mehta@example.com
Amit Shah,9876543214,GJ-01-AB-1004,05/11/2026,amit.shah@example.com
Jignesh Vyas,9876543215,GJ-01-AB-1005,12/12/2026,jignesh.vyas@example.com
Alpesh Trivedi,9876543216,GJ-01-AB-1006,18/01/2027,alpesh.trivedi@example.com
Hiren Joshi,9876543217,GJ-01-AB-1007,25/02/2027,hiren.joshi@example.com
Bhavik Dave,9876543218,GJ-01-AB-1008,08/03/2027,bhavik.dave@example.com
Nilesh Parmar,9876543219,GJ-01-AB-1009,14/04/2027,nilesh.parmar@example.com
Dhaval Solanki,9876543220,GJ-01-AB-1010,30/05/2027,dhaval.solanki@example.com
Mayur Rathod,9876543221,GJ-01-AB-1011,11/06/2027,mayur.rathod@example.com
Chirag Makwana,9876543222,GJ-01-AB-1012,19/07/2027,chirag.makwana@example.com
Hardik Vaghela,9876543223,GJ-01-AB-1013,27/08/2027,hardik.vaghela@example.com
Ketan Jadeja,9876543224,GJ-01-AB-1014,04/09/2027,ketan.jadeja@example.com
Bharat Chavda,9876543225,GJ-01-AB-1015,12/10/2027,bharat.chavda@example.com
Sanjay Mori,9876543226,GJ-01-AB-1016,28/11/2027,sanjay.mori@example.com
Rajesh Gamara,9876543227,GJ-01-AB-1017,03/12/2027,rajesh.gamara@example.com
Paresh Bharwad,9876543228,GJ-01-AB-1018,15/01/2028,paresh.bharwad@example.com
Vipul Rabari,9876543229,GJ-01-AB-1019,22/02/2028,vipul.rabari@example.com
Sandip Gadhvi,9876543230,GJ-01-AB-1020,10/03/2028,sandip.gadhvi@example.com
Chetan Charan,9876543231,GJ-01-AB-1021,14/04/2028,chetan.charan@example.com
Gopal Ahir,9876543232,GJ-01-AB-1022,28/05/2028,gopal.ahir@example.com
Dinesh Koli,9876543233,GJ-01-AB-1023,09/06/2028,dinesh.koli@example.com
Manoj Thakor,9876543234,GJ-01-AB-1024,21/07/2028,manoj.thakor@example.com
Pankaj Vankar,9876543235,GJ-01-AB-1025,05/08/2028,pankaj.vankar@example.com
Kamlesh Harijan,9876543236,GJ-01-AB-1026,17/09/2028,kamlesh.harijan@example.com
Ashok Valand,9876543237,GJ-01-AB-1027,29/10/2028,ashok.valand@example.com
Vinod Suthar,9876543238,GJ-01-AB-1028,08/11/2028,vinod.suthar@example.com
Pravin Luhar,9876543239,GJ-01-AB-1029,14/12/2028,pravin.luhar@example.com
Lalit Sonara,9876543240,GJ-01-AB-1030,25/01/2029,lalit.sonara@example.com
Nitin Panchal,9876543241,GJ-01-AB-1031,09/02/2029,nitin.panchal@example.com
Arvind Mistry,9876543242,GJ-01-AB-1032,21/03/2029,arvind.mistry@example.com
Naresh Kansara,9876543243,GJ-01-AB-1033,11/04/2029,naresh.kansara@example.com
Jagdish Soni,9876543244,GJ-01-AB-1034,28/05/2029,jagdish.soni@example.com
Kiran Darji,9876543245,GJ-01-AB-1035,17/06/2029,kiran.darji@example.com
Dilip Bhavsar,9876543246,GJ-01-AB-1036,05/07/2029,dilip.bhavsar@example.com
Shailesh Khatri,9876543247,GJ-01-AB-1037,19/08/2029,shailesh.khatri@example.com
Mahesh Modi,9876543248,GJ-01-AB-1038,30/09/2029,mahesh.modi@example.com
Kishor Gandhi,9876543249,GJ-01-AB-1039,12/10/2029,kishor.gandhi@example.com
Prakash Gupta,9876543250,GJ-01-AB-1040,24/11/2029,prakash.gupta@example.com
